1	5497873	CCTTACTCAGCACATGAAATAAGCAAGGGGCTCCCCAGTCTTGCGGCCACGCCCCCGGGACATGCATCGTCCCCT
2	5497827	CTTACTCAGCACATGAAATAAGCAAGGGGCTCCCCAGTCTTGCGGCCACGCCCCCGGGACATGCATCGTCCCCTGG
3	5497822	TACTCAGCACATGAAATAAGCAAGGGGCTCCCCAGTCTTGCGGCCACGCCCCCGGGACATGCATCGTCCCCTGGCCTCTCTCAA
4	5497879	CTCAGCACATGAAATAAGCAAGGGGCTCCCCAGTCTTGCGGCCACGCCCCCGGGACATGCATCGTCCCCTGGACGCTCTCAAAC
5	5497895	CTCAGCACATGAAATAAGCAAGGGGCTCCCCAGTCTTGCGGCCACGCCCCCGGGACATGCATCGTCCCCTGGACTC
6	5497814	CAGCACATGAAATAAGCAAGTGGCTCCCCAGTCTTGCGGCCACGCCCCCCGGACATGCATCGTCCCCTGGACTCTCTCAAACCCCTTATCCC
7	5497832	CAGCACATGAAATAAGCAAGGGGCTCCCCAGTCTTGCGGCCACGCCCCCGGGACATGCATCGTCCCCTGGACTCTC
8	5497889	CAGCACATGAAATAAGCAAGGGGCTCCCCAGTCTTGCGGCCACGCCCCCGGGACATGCATCGTCCCCTGGACTCG
9	5497893	GCACATGAAATAAGCAAGGGGCTCCCCAGTCTTGCGGCCACGCCCCCGGGACATGCATCGTCCCCTGGACTCTCGCAAA
10	5497816	GCACATGAAATAAGCAAGGGGCTCCCCAGTCTTGCGGCCACGCCCCCGGGACATGCATCGTCCCCTGGACTCTCTC
11	5497807	ACATGAAATAAGCAAGGGGCTCCCCAGTCTTGCGGCCACGCCCCCGGGACATGCATCGTCCCCTGGACTCTCTCAA
12	9199124	ATGAAATAAGCAAGGGGCTCCCCAGTCTTGCGGCCACGCCCCCGGGACATGCATCGTCCCCTGGACTCTCTCAACCCCCTTATCCCTCTGGACAGAATGCAGGTCCAGCCACATTGGTCTATCCTCAAGCCCCTCAGAC
13	5497797	ATGAAATAAGCAAGGGGCTCCCCAGTCTTGCGGCCACGCCCCCGGGACATGCATCGTCCCCTGGACTCTCTCAAA
14	5497805	ATGAAATAAGCAAGGGGCTCCCCAGTCTTGCGGCCACGCCCCCGGGACATGCATCGTCCCCTGGACTCTCTCAAG
15	5497864	TGAAATAAGCAAGGGGCTCCCCAGTCTTGCGGCCACGCCCCCGGGACATGCATCGTCCCCTGGACTCTCTCAAACCCC
16	5497891	ATAAGCAAGGGGCTCCCCAGTCTTGCGGCCACGCCCCCGGGACATGCATCGTCCCCTGGACTCTCTCAAACCCCTTATCCCTCTGG
17	5497881	ATAAGCAAGGGGCTCCCCAGTCTTGCGGCCACGCCCCCGGGACATGCATCGTCCCCTGGACTCTCTCAAACCCCGT
18	5497885	ATAAGCAAGGGGCTCCCCAGTCTTGCGGCCACGCCCCCGGGACATGCATCGTCCCCTGGACTCTCTCAAACCCCA
19	5497900	CTCCCCAGTCTTGCGGCCACGCCCCCGGGACATGCATCGTCCCCTGGACTCTCTCAAACCCCTTATCCCTCTGGAC
20	5497872	CTCCCCAGTCTTGCGGCCACGCCCCCGGGACATGCATCGTCCCCTGGACTCTCTCAAACCCCTTATCCCTCTGGG
21	7144950	CCCCAGTCTTGCGGCCACGCCCCCGGGACATGCATCGTCCCCTGGACTCTCTCAAACCCCTTATCCCTCTGGACCGAATGCAGGTCCAGCCACATTGGTC
22	8227658	CCCCAGTCTTGCGGCCACGCCCCCGGGACATGCATCGTCCCCTGGACTCTCTCAAACCCCTTATCCCTCTGGACAGAATGCAGGTCCAGCCACATTGGT
23	10954215	CCAGTCTTGCGGCCACGCCCCCGGGACATGCATCGTCCCCTGGCCTCTCTCAAACCCCTTATCCCTCTGGACAGAATGCAGGTCCAGCCACA
24	6952776	GGACATGCATCGTCCCCTGGACTCTCTCAAACCCCTTATCCCTCTGGACAGAATGCAGGTCCAGCCACATTGGTCTATCCTCAAGC
25	4374971	TCCCCTGGACTCTCTCAAACCCCTTATCCCTCTGGACAGAATGCAGGTCCAGCCACATTGGTCTATCCTCAAGCCCC
26	4374932	TCCCCTGGACTCTCTCAAACCCCTTATCCCTCTGGACAGAATGCAGGTCCAGCCACATTGGTCTATCCTCAAGCG
27	5956494	CCCCTGGACTCTCTCAAACCCCTTATCCCTCTCGACAGAATGCAGGTCCAGCCACATTGGTCTATCCTCAAGCCCC
28	4374900	CCTGGACTCTCTCAAACCCCTTATCCCTCTGGACAGAATGCAGGTCCAGCCACATTGGTCTATCCTCAAGCCCCAC
29	4374937	CCTGGACTCTCTCAAACCCCTTATCCCTCTGGACAGAATGCAGGTCCAGCCACATTGGTCTATCCTCAAGCCCCTC
30	4374901	CCTGGACTCTCTCAAACCCCTTATCCCTCTGGACAGAATGCAGGTCCAGCCACATTGGTCTATCCTCAAGCCCCC
31	4374898	CCTGGACTCTCTCAAACCCCTTATCCCTCTGGACAGAATGCAGGTCCAGCCACATTGGTCTATCCTCAAGCCCCG
32	4374970	TGGACTCTCTCAAACCCCTTATCCCTCTGGACAGAATGCAGGTCCAGCCACATTGGTCTATCCTCAAGCCCCTCAGACAATG
33	4374946	TGGACTCTCTCAAACCCCTTATCCCTCTGGACAGAATGCAGGTCCAGCCACATTGGTCTATCCTCAAGCCCCTCG
34	4374959	CTCAAACCCCTTATCCCTCTGGACAGAATGCAGGTCCAGCCACATTGGTCTATCCTCAAGCCCCTCAGACAATGAAC
35	4374886	AAACCCCTTATCCCTCTGGACAGAATGCAGGTCCAGCCACATTGGTCTATCCTCAAGCCCCTCAGACAATGAACTC
36	4374923	ACCCCTTATCCCTCTGGACAGAATGCAGGTCCAGCCACATTGGTCTATCCTCAAGCCCCTCAGACAATGAACTCA
37	4374941	CCCCTTATCCCTCTGGACAGAATGCAGGTCCAGCCACATTGGTCTATCCTCAAGCCCCTCAGACAATGAACTCACAACCTCA