   3893 0	   2948 0
2230444 1	2389709 1
 761145 2	 642715 2
 455765 3	 259028 3
 311026 4	 123528 4
 246308 5	  63197 5
 194635 6	  30456 6
 159032 7	  15723 7
 130895 8	   9304 8
 109802 9	   6075 9
  90061 10	   3755 10
  78512 11	   2076 11
  69015 12	   1641 12
  60471 13	    916 13
  53794 14	    712 14
  46151 15	    376 15
  42664 16	    172 16
  38844 17	     92 17
  35611 18	     25 18
  31635 19	      8 19
  29293 20	
  26476 21	
  24712 22	
  21559 23	
  20842 24	
  18919 25	
  16702 26	
  15843 27	
  14917 28	
  13444 29	
  12739 30	
  11864 31	
  11302 32	
  10368 33	
  10423 34	
   9485 35	
   8798 36	
   8359 37	
   7878 38	
   7932 39	
   7489 40	
   7141 41	
   6919 42	
   6659 43	
   6231 44	
   5994 45	
   5594 46	
   5228 47	
   4944 48	
   4631 49	
   4620 50	
   4224 51	
   4358 52	
   4175 53	
   4058 54	
   3993 55	
   3528 56	
   3648 57	
   3185 58	
   3253 59	
   2998 60	
   3212 61	
   2944 62	
   3057 63	
   2895 64	
   2831 65	
   2815 66	
   2633 67	
   2504 68	
   2382 69	
   2352 70	
   2181 71	
   2277 72	
   2050 73	
   1983 74	
   1921 75	
   1790 76	
   1718 77	
   1660 78	
   1607 79	
   1450 80	
   1573 81	
   1537 82	
   1543 83	
   1412 84	
   1388 85	
   1324 86	
   1343 87	
   1340 88	
   1174 89	
   1311 90	
   1285 91	
   1230 92	
   1105 93	
   1080 94	
   1068 95	
   1082 96	
   1110 97	
   1024 98	
    928 99	
    871 100	
    967 101	
    875 102	
    892 103	
    887 104	
    817 105	
    763 106	
    783 107	
    774 108	
    782 109	
    721 110	
    765 111	
    714 112	
    780 113	
    809 114	
    755 115	
    666 116	
    638 117	
    650 118	
    642 119	
    636 120	
    663 121	
    586 122	
    593 123	
    594 124	
    489 125	
    491 126	
    499 127	
    550 128	
    490 129	
    504 130	
    526 131	
    574 132	
    509 133	
    417 134	
    440 135	
    424 136	
    430 137	
    504 138	
    428 139	
    400 140	
    385 141	
    391 142	
    427 143	
    429 144	
    422 145	
    361 146	
    430 147	
    391 148	
    392 149	
    356 150	
    350 151	
    334 152	
    334 153	
    343 154	
    342 155	
    343 156	
    356 157	
    303 158	
    356 159	
    301 160	
    329 161	
    279 162	
    302 163	
    309 164	
    309 165	
    358 166	
    325 167	
    308 168	
    323 169	
    368 170	
    335 171	
    295 172	
    305 173	
    292 174	
    285 175	
    280 176	
    283 177	
    252 178	
    259 179	
    247 180	
    236 181	
    229 182	
    210 183	
    256 184	
    211 185	
    244 186	
    209 187	
    219 188	
    210 189	
    190 190	
    189 191	
    177 192	
    178 193	
    181 194	
    181 195	
    188 196	
    212 197	
    239 198	
    201 199	
    175 200	
    205 201	
    219 202	
    220 203	
    197 204	
    193 205	
    182 206	
    196 207	
    194 208	
    170 209	
    180 210	
    165 211	
    171 212	
    173 213	
    176 214	
    181 215	
    166 216	
    160 217	
    178 218	
    150 219	
    147 220	
    133 221	
    154 222	
    152 223	
    148 224	
    121 225	
    134 226	
    140 227	
    126 228	
    132 229	
    127 230	
    160 231	
    134 232	
    132 233	
    143 234	
    189 235	
    163 236	
    120 237	
    120 238	
    151 239	
    128 240	
    125 241	
    133 242	
    121 243	
    111 244	
    113 245	
    131 246	
    120 247	
    142 248	
    129 249	
    137 250	
    137 251	
    116 252	
    140 253	
    111 254	
    139 255	
    130 256	
     84 257	
    107 258	
    112 259	
    104 260	
    136 261	
    140 262	
    123 263	
    113 264	
    113 265	
    107 266	
    108 267	
    119 268	
     98 269	
    104 270	
    126 271	
    108 272	
    129 273	
    150 274	
    107 275	
    114 276	
     95 277	
     82 278	
    105 279	
    110 280	
     87 281	
     92 282	
     86 283	
     84 284	
     64 285	
     85 286	
     75 287	
     79 288	
     78 289	
     90 290	
     85 291	
     75 292	
     80 293	
     91 294	
     87 295	
     82 296	
     92 297	
     64 298	
     88 299	
     60 300	
     64 301	
     57 302	
     89 303	
     65 304	
     77 305	
     82 306	
     67 307	
     54 308	
     67 309	
     72 310	
     66 311	
     77 312	
     57 313	
     67 314	
     59 315	
     65 316	
     82 317	
     46 318	
     66 319	
     72 320	
     55 321	
     69 322	
     62 323	
     63 324	
     56 325	
     53 326	
     59 327	
     53 328	
     50 329	
     45 330	
     35 331	
     50 332	
     42 333	
     49 334	
     36 335	
     40 336	
     33 337	
     44 338	
     34 339	
     37 340	
     37 341	
     38 342	
     42 343	
     61 344	
     51 345	
     47 346	
     52 347	
     63 348	
     50 349	
     49 350	
     41 351	
     37 352	
     45 353	
     31 354	
     38 355	
     42 356	
     34 357	
     41 358	
     33 359	
     38 360	
     31 361	
     29 362	
     34 363	
     34 364	
     17 365	
     28 366	
     28 367	
     32 368	
     29 369	
     34 370	
     35 371	
     33 372	
     22 373	
     30 374	
     31 375	
     28 376	
     31 377	
     23 378	
     23 379	
     24 380	
     22 381	
     20 382	
     17 383	
     21 384	
     23 385	
      9 386	
     10 387	
     21 388	
     19 389	
     23 390	
     21 391	
     18 392	
     14 393	
     23 394	
     18 395	
     20 396	
     14 397	
     17 398	
     18 399	
     23 400	
     23 401	
     23 402	
     14 403	
     14 404	
     16 405	
     17 406	
     15 407	
     10 408	
     25 409	
     22 410	
     12 411	
     19 412	
     17 413	
     22 414	
     14 415	
     21 416	
     13 417	
     19 418	
     14 419	
     14 420	
     18 421	
     13 422	
     10 423	
     16 424	
     11 425	
     19 426	
     12 427	
     17 428	
      9 429	
      8 430	
     17 431	
     12 432	
     18 433	
     10 434	
      9 435	
      9 436	
      8 437	
     16 438	
      8 439	
      8 440	
     12 441	
     11 442	
     11 443	
     11 444	
      8 445	
      6 446	
     14 447	
      9 448	
      6 449	
     14 450	
      7 451	
     14 452	
     13 453	
     12 454	
      8 455	
     10 456	
     13 457	
     11 458	
     15 459	
     12 460	
     18 461	
     11 462	
     10 463	
     13 464	
     16 465	
      8 466	
      6 467	
      6 468	
     10 469	
      8 470	
      3 471	
     10 472	
      3 473	
      9 474	
      8 475	
      9 476	
     13 477	
     10 478	
     13 479	
      8 480	
      3 481	
      9 482	
      8 483	
      9 484	
     10 485	
      7 486	
      7 487	
      8 488	
      9 489	
      9 490	
      7 491	
      6 492	
      5 493	
      7 494	
      4 495	
      9 496	
      8 497	
      7 498	
     11 499	
      4 500	
      3 501	
      4 502	
      9 503	
      7 504	
      6 505	
      6 506	
      8 507	
      4 508	
      6 509	
      4 510	
      3 511	
      2 512	
      4 513	
      3 514	
      3 515	
      4 516	
      4 517	
      2 518	
      1 519	
      3 520	
      6 521	
      5 522	
      3 523	
      3 524	
      2 525	
      9 526	
      5 527	
      5 528	
      8 529	
      8 530	
      6 531	
      5 532	
      8 533	
     10 534	
      7 535	
     11 536	
      6 537	
      5 538	
      8 539	
      5 540	
      6 541	
      3 542	
      3 543	
      2 544	
      3 545	
      4 546	
      1 547	
      7 548	
      2 549	
      6 550	
      6 551	
      4 552	
      6 553	
     10 554	
     10 555	
      4 556	
      9 557	
     28 558	
     11 559	
     30 560	
     16 561	
      2 562	
      3 563	
      2 564	
      4 565	
      2 566	
      2 567	
      4 569	
      3 570	
      2 571	
      1 574	
      2 575	
      3 577	
      4 578	
      4 579	
      3 581	
      1 582	
      3 583	
      2 584	
      3 585	
      1 586	
      2 587	
      1 588	
      2 589	
      2 590	
      2 591	
      2 593	
      1 594	
      1 596	
      2 597	
      3 600	
      1 601	
      1 604	
      2 610	
      1 611	
      1 615	
      1 617	
      1 618	
      1 620	
      2 621	
      2 623	
      1 624	
      1 626	
      1 627	
      2 628	
      1 631	
      1 632	
      1 633	
      2 635	
      1 638	
      2 639	
      2 641	
      1 643	
      1 644	
      1 651	
      1 664	
      1 672	
      1 684	
      1 688	
      1 696	
      1 704	
      1 705	
      1 706	
      1 711	
      1 718	
      1 721	
      1 725	
      1 727	
      1 732	
      1 734	
      1 735	
      1 738	
      1 739	
      2 741	
      1 743	
      2 744	
      7 745	
     28 746	
      1 756	
      1 761	
      1 764	
      1 769	
      1 770	
      1 785	
      1 790	
      2 805	
      1 814	
      1 830	
      2 839	
      1 851	
      1 856	
      2 870	
      1 882	
      1 888	
      1 897	
      1 902	
      1 917	
      1 919	
      1 922	
      1 925	
      1 935	
      1 938	
      1 954	
      1 963	
      1 964	
      1 970	
      1 974	
      1 976	
      1 996	
      1 998	
      1 1004	
      1 1007	
      1 1019	
      1 1029	
      1 1030	
      1 1036	
      1 1043	
      1 1050	
      1 1053	
      1 1060	
      1 1064	
      1 1065	
      1 1071	
      2 1074	
      1 1083	
      1 1087	
      1 1097	
      1 1107	
      2 1114	
      1 1120	
      1 1121	
      1 1122	
      1 1132	
      1 1139	
      1 1149	
      1 1153	
      1 1157	
      1 1164	
      1 1165	
      1 1169	
      1 1170	
      1 1176	
      1 1178	
      1 1188	
      1 1189	
      1 1192	
      1 1199	
      1 1202	
      1 1204	
      1 1205	
      1 1216	
      1 1224	
      2 1228	
      1 1234	
      1 1236	
      2 1242	
      1 1244	
      1 1246	
      1 1247	
     10 1250	
      3 1251	
      2 1254	
      4 1255	
      2 1257	
      2 1265	
      3 1266	
      3 1268	
      3 1269	
      1 1270	
      2 1271	
      1 1274	
      2 1275	
      1 1276	
      3 1277	
      1 1278	
      1 1288	
      1 1292	
      1 1300	
      1 1309	
      1 1335	
      1 1338	
      1 1352	
      1 1364	
      1 1378	
      1 1398	
      1 1407	
      1 1423	
      1 1429	
      1 1436	
      1 1448	
      1 1449	
      1 1456	
      1 1465	
      1 1472	
      1 1473	
      1 1488	
      1 1509	
      1 1514	
      1 1529	
      1 1543	
      1 1548	
      1 1558	
      1 1561	
      1 1570	
      1 1576	
      1 1581	
      1 1595	
      1 1617	
      1 1621	
      1 1629	
      1 1639	
      1 1641	
      1 1659	
      2 1672	
      1 1688	
      1 1733	
      2 1748	
      1 1759	
      1 1766	
      1 1770	
      1 1786	
      1 1788	
      1 1793	
      1 1804	
      1 1808	
      1 1816	
      1 1831	
      2 1838	
      1 1839	
      1 1842	
      1 1847	
      1 1852	
      1 1854	
      1 1856	
      1 1857	
      1 1859	
